Product Name,Base Price,Competitor Price,Demand,Supply,Expiry Days,Optimized Price
Kinder Joy,114,114,1,0,16,112
Bru Coffee 200g,437,449,0,1,27,429
Bournvita 500g,125,126,2,1,18,123
Dairy Milk Chocolate,144,148,0,1,15,137
Amul Milk 1L,66,65,2,1,12,63
Nestle Coffee 200g,487,500,1,2,29,478
Cadbury Silk,180,183,1,0,12,171
Pepsi 1.25L,195,198,1,1,8,185
Lay’s Potato Chips 90g,418,430,0,0,26,410
Lifebuoy Handwash 250ml,128,126,1,0,12,122
Lifebuoy Handwash 250ml,101,100,0,1,28,99
Bournvita 500g,66,65,1,0,20,65
Lakme Lipstick 3.5g,472,462,0,0,25,462
Pantene Conditioner 300ml,418,408,0,2,12,397
Groundnut Oil 1L,476,488,1,0,12,453
Lay’s Potato Chips 90g,70,71,1,1,15,67
Kellogg’s Corn Flakes 1kg,471,457,2,0,27,461
Colgate Toothpaste 200g,396,390,0,2,23,388
Groundnut Oil 1L,325,327,1,1,12,309
Sundrop Peanut Butter 500g,408,402,0,0,22,400
Complan Nutrition 1kg,251,254,2,2,9,239
Chana Dal 1kg,72,73,2,0,8,68
Walnuts 500g,458,452,1,1,28,449
Complan Nutrition 1kg,152,148,0,2,9,144
5 Star Chocolate,111,111,0,2,24,109
Borges Olive Oil 500ml,330,320,1,1,19,323
Toblerone Chocolate,335,329,1,0,9,318
Everest Garam Masala 100g,45,43,2,1,25,44
Kissan Mixed Fruit Jam 500g,401,398,0,1,20,393
Raisins 500g,452,438,0,0,28,442
Rock Salt 1kg,265,269,1,2,13,252
Nutella 350g,372,381,0,2,30,365
Garam Masala 100g,491,487,1,0,13,466
Hide & Seek Fab Biscuits,77,78,2,2,9,73
Borges Olive Oil 500ml,215,212,1,2,24,211
Patanjali Cow Ghee 1L,345,346,1,2,11,328
Vim Dishwash Liquid 500ml,382,390,2,0,30,375
Weikfield Baking Powder 100g,366,364,0,0,23,359
Walnuts 500g,495,504,0,1,10,471
Nestle Coffee 200g,212,214,2,1,5,191
Quaker Oats 1kg,79,81,1,1,28,78
Patanjali Herbal Kajal 3g,207,206,2,2,19,203
Tata Tea Gold 250g,408,418,1,0,30,400
Tata Sampann Dal 1kg,224,220,0,2,10,213
Sugar 1kg,483,491,1,0,23,474
Sugar 1kg,296,297,1,2,20,290
Maggi Noodles (Pack of 2),155,150,1,1,18,152
Lay’s Potato Chips 90g,409,416,0,0,24,401
Tata Tea Gold 250g,202,197,1,0,13,192
Lizol Floor Cleaner 500ml,394,383,0,0,14,374
Surf Excel Matic 1kg,196,197,2,1,28,192
Hide & Seek Fab Biscuits,443,447,2,2,24,434
Fortune Basmati Rice 5kg,108,111,1,2,5,97
Lifebuoy Handwash 250ml,198,199,2,0,8,188
Sugar 1kg,164,160,0,0,17,161
Toblerone Chocolate,369,369,2,1,14,351
Sundrop Lite Oil 1L,405,406,0,0,22,397
Perk Chocolate,381,386,1,0,20,374
Tide Detergent Powder 2kg,408,405,1,0,24,400
Everest Masala 100g,214,211,2,0,8,203
Weikfield Custard Powder 100g,265,269,0,0,26,260
Cooking Soda 100g,241,240,0,0,7,217
Groundnut Oil 1L,267,275,0,2,30,262
Patanjali Cow Ghee 1L,231,224,2,0,5,208
Himalaya Lip Balm 10g,468,453,1,0,26,458
Sugar 1kg,311,306,0,1,6,280
Groundnut Oil 1L,340,346,0,0,19,333
Patanjali Aloe Vera Gel 150ml,415,405,1,0,10,394
Dove Shampoo 650ml,79,80,0,1,19,77
Cooking Soda 100g,475,477,1,2,28,466
Pista 500g,361,368,2,1,22,354
Tata Tea Gold 250g,239,235,1,1,9,227
Nivea Body Lotion 400ml,153,153,1,2,16,150
Sugar 1kg,119,122,0,0,15,113
Vim Dishwash Liquid 500ml,304,312,1,0,16,298
Kinder Joy,131,132,1,2,19,128
Kissan Ketchup 500g,316,311,1,0,10,300
MDH Chicken Masala 100g,127,129,0,1,7,114
Patanjali Aloe Vera Gel 150ml,100,101,1,1,27,98
Gits Gulab Jamun Mix 200g,297,300,2,0,8,282
Soy Sauce 500ml,100,98,0,2,21,98
Harpic Toilet Cleaner 500ml,243,243,1,1,12,231
Nutella 350g,331,328,1,1,17,324
Good Day Butter Cookies,239,236,0,2,28,234
Good Day Butter Cookies,64,64,1,2,21,63
Aashirvaad Atta 5kg,151,154,2,2,28,148
Gits Gulab Jamun Mix 200g,254,247,1,1,28,249
Moong Dal 1kg,385,379,2,2,13,365
5 Star Chocolate,471,480,2,0,8,448
Everest Masala 100g,204,201,1,2,16,200
Dove Shampoo 650ml,141,144,1,0,27,138
Gits Gulab Jamun Mix 200g,473,480,0,2,15,450
Bournvita 500g,488,500,0,0,17,479
Dove Shampoo 650ml,211,208,2,1,27,207
Sensodyne Toothpaste 100g,421,409,1,0,26,412
Tata Salt 1kg,223,225,2,1,12,212
Sprite 1.25L,193,197,2,1,18,189
Borges Olive Oil 500ml,226,228,1,1,22,222
KitKat Chocolate,46,46,2,2,26,45
Britannia Rusk 300g,367,362,1,2,27,359
MDH Chicken Masala 100g,284,275,0,2,23,278
Perk Chocolate,311,314,2,2,5,280
Pantene Conditioner 300ml,350,348,1,1,15,332
Haldiram Namkeen 250g,52,51,1,0,6,47
Weikfield Custard Powder 100g,430,442,0,0,27,422
Mango Pickle 500g,470,463,2,2,6,423
Vim Dishwash Liquid 500ml,62,61,2,2,24,61
Arhar Dal 1kg,200,196,0,2,20,196
Boost 500g,321,324,1,0,6,289
Harpic Toilet Cleaner 500ml,71,71,2,1,25,70
Lakme Lipstick 3.5g,128,124,0,0,26,125
Nutella 350g,39,37,2,1,23,38
Weikfield Custard Powder 100g,304,313,1,2,9,289
Soy Sauce 500ml,465,477,0,0,24,456
Lakme Lipstick 3.5g,116,117,0,1,9,110
Coconut Oil 1L,344,347,1,0,23,337
Fortune Mustard Oil 1L,117,119,2,2,21,115
Pepsi 1.25L,182,180,0,1,15,173
Borges Olive Oil 500ml,278,277,2,0,18,272
Cooking Soda 100g,401,409,2,1,11,381
Cashews 500g,174,170,2,0,29,170
Saffola Gold Oil 1L,451,443,0,0,21,442
Almonds 500g,234,232,0,1,10,222
Borges Olive Oil 500ml,471,464,1,1,23,461
Himalaya Lip Balm 10g,312,305,2,2,19,305
Nestle Coffee 200g,44,45,0,0,5,40
KitKat Chocolate,375,369,1,2,21,367
Patanjali Aloe Vera Gel 150ml,306,313,2,1,8,291
Soy Sauce 500ml,84,86,1,0,19,82
Dairy Milk Chocolate,412,415,0,0,22,404
Sugar 1kg,345,343,1,1,14,328
Toblerone Chocolate,84,83,2,2,18,82
Arhar Dal 1kg,75,77,1,1,27,74
Kellogg’s Corn Flakes 1kg,410,420,0,1,20,402
Arhar Dal 1kg,473,482,0,2,26,464
Tata Sampann Dal 1kg,194,193,1,0,7,175
Pista 500g,135,135,1,0,26,132
Haldiram Namkeen 250g,241,241,2,2,30,236
Perk Chocolate,238,234,0,1,10,226
Saffola Gold Oil 1L,340,334,0,1,6,306
Pista 500g,328,337,1,1,16,322
Sundrop Peanut Butter 500g,281,285,1,1,21,276
Perk Chocolate,276,279,1,1,16,271
Tide Detergent Powder 2kg,288,281,0,1,21,282
Pepsi 1.25L,250,255,0,0,14,238
Kellogg’s Corn Flakes 1kg,101,104,1,0,26,99
Chana Dal 1kg,262,260,2,2,27,257
Nestle Coffee 200g,266,262,0,2,6,239
Maggi Noodles (Pack of 2),171,174,0,2,7,154
Tata Sampann Dal 1kg,269,272,1,0,7,242
Dabur Honey 500g,364,361,2,2,24,357
Saffola Gold Oil 1L,281,281,1,0,11,267
Patanjali Herbal Kajal 3g,457,443,1,2,7,411
Nykaa Nail Polish,344,344,1,1,18,337
Haldiram Namkeen 250g,186,180,2,1,19,182
Schezwan Chutney 250g,414,413,0,1,5,373
Sunfeast Dark Fantasy 75g,212,217,1,0,11,202
Moong Dal 1kg,492,497,0,1,9,468
Sundrop Lite Oil 1L,308,301,2,2,10,292
Boost 500g,478,484,0,1,24,469
Haldiram Namkeen 250g,178,180,0,1,15,169
Weikfield Custard Powder 100g,376,383,1,1,10,358
Saffola Gold Oil 1L,497,509,2,0,30,488
Moong Dal 1kg,336,343,1,1,13,320
Pond’s BB Cream 18g,397,401,2,2,28,389
Surf Excel Matic 1kg,146,149,1,2,8,139
Aashirvaad Atta 5kg,414,401,2,0,14,393
Tide Detergent Powder 2kg,175,173,0,0,6,157
Dettol Handwash 250ml,303,297,2,0,30,297
Surf Excel Matic 1kg,482,481,0,0,15,458
Coca-Cola 1.25L,472,458,0,2,27,462
Groundnut Oil 1L,34,35,2,0,19,33
Sundrop Peanut Butter 500g,483,496,0,2,19,474
KitKat Chocolate,199,203,2,2,25,195
Bru Coffee 200g,376,382,2,1,18,369
MDH Chicken Masala 100g,223,228,1,0,10,212
Almonds 500g,40,39,0,2,28,39
Sprite 1.25L,271,267,0,2,5,244
Weikfield Custard Powder 100g,312,309,2,2,19,306
Toblerone Chocolate,159,154,0,0,15,151
Complan Nutrition 1kg,448,440,2,0,12,425
Patanjali Herbal Kajal 3g,138,135,1,0,21,135
Surf Excel Matic 1kg,373,382,0,1,16,366
MTR Rasam Powder 100g,68,65,2,1,26,66
Perk Chocolate,136,135,0,2,24,133
Amul Milk 1L,251,247,0,2,25,246
Maggi Noodles (Pack of 2),247,242,2,1,16,242
Tata Tea Gold 250g,287,282,2,1,20,281
Patanjali Herbal Kajal 3g,26,25,1,1,16,25
Lay’s Potato Chips 90g,44,44,2,2,17,43
Quaker Oats 1kg,73,71,0,2,15,69
Pista 500g,445,436,1,1,28,436
Groundnut Oil 1L,383,390,1,1,14,364
Mother Dairy Paneer 200g,386,374,0,0,14,366
Vim Dishwash Liquid 500ml,457,450,0,1,10,434
Sundrop Lite Oil 1L,56,54,0,2,26,55
Gram Flour 1kg,463,451,2,0,27,453
Nestle Coffee 200g,480,479,2,1,22,470
Sunfeast Dark Fantasy 75g,463,449,1,0,7,416
Vim Dishwash Liquid 500ml,329,319,2,0,25,322
Red Label Tea 250g,363,367,0,0,23,356
Patanjali Aloe Vera Gel 150ml,500,502,2,1,16,490
Pond’s BB Cream 18g,347,349,1,0,13,330
Kissan Mixed Fruit Jam 500g,43,44,0,0,25,42
Raisins 500g,291,283,0,2,14,276
Horlicks Health Drink 500g,471,472,2,0,17,462
Haldiram Namkeen 250g,462,450,2,0,8,438
Sprite 1.25L,179,181,1,1,12,170
Surf Excel Matic 1kg,424,431,1,0,30,416
Tata Salt 1kg,175,179,2,2,14,166
Himalaya Face Wash 100ml,56,57,0,0,30,55
MDH Chicken Masala 100g,400,397,1,1,23,392
Tomato Ketchup 1kg,224,226,1,2,8,213
Cooking Soda 100g,207,210,1,2,18,203
Everest Pav Bhaji Masala 100g,70,68,2,0,28,69
Everest Pav Bhaji Masala 100g,499,507,0,1,20,489
Britannia Rusk 300g,439,429,0,0,17,430
Toblerone Chocolate,182,183,1,2,5,164
Dove Shampoo 650ml,271,272,1,2,28,266
Kellogg’s Muesli 500g,274,280,2,0,8,261
Nykaa Nail Polish,201,202,2,1,16,197
Kissan Mixed Fruit Jam 500g,151,151,2,2,25,148
Patanjali Herbal Kajal 3g,106,109,0,1,11,101
Everest Pav Bhaji Masala 100g,52,50,1,2,7,47
Borges Olive Oil 500ml,433,437,2,0,20,425
Cashews 500g,66,67,0,1,21,65
Coconut Oil 1L,201,206,1,1,26,197
Sugar 1kg,132,134,0,0,16,129
Dettol Handwash 250ml,234,235,0,0,16,229
Almonds 500g,191,187,2,1,5,172
Kinder Joy,393,402,0,2,27,386
Gits Gulab Jamun Mix 200g,46,46,0,2,28,45
Boost 500g,98,95,2,1,30,96
Sprite 1.25L,388,380,0,0,25,380
Kinder Joy,243,246,0,0,8,231
Coca-Cola 1.25L,312,304,1,1,13,296
Sugar 1kg,267,258,1,0,22,261
Gits Gulab Jamun Mix 200g,246,238,2,0,7,221
Toblerone Chocolate,396,390,0,1,8,376
Colgate Toothpaste 200g,243,240,2,1,29,238
5 Star Chocolate,235,236,2,2,22,230
Mother Dairy Paneer 200g,32,32,0,0,22,31
Toblerone Chocolate,434,431,1,1,30,425
Nivea Body Lotion 400ml,101,100,0,2,16,99
Kinder Joy,87,87,0,0,17,85
Sundrop Lite Oil 1L,100,100,1,1,7,90
Chana Dal 1kg,469,473,1,2,24,460
Kellogg’s Corn Flakes 1kg,409,414,0,1,21,401
Walnuts 500g,153,154,0,2,13,145
Saffola Gold Oil 1L,295,296,0,1,7,266
Kellogg’s Muesli 500g,119,116,0,0,28,116
Raisins 500g,210,208,0,0,15,199
Walnuts 500g,381,373,1,1,6,343
Patanjali Cow Ghee 1L,83,84,2,1,27,81
Sensodyne Toothpaste 100g,139,137,1,2,6,125
Schezwan Chutney 250g,53,51,0,0,6,48
Raisins 500g,458,447,1,2,16,448
Lakme Lipstick 3.5g,367,366,0,1,21,360
Dove Shampoo 650ml,112,110,2,0,5,101
Mother Dairy Paneer 200g,271,265,0,1,8,257
5 Star Chocolate,357,359,2,0,13,339
Colgate Toothpaste 200g,250,254,1,2,9,238
Lizol Floor Cleaner 500ml,341,345,1,1,6,307
Nutella 350g,241,234,1,1,8,229
Everest Pav Bhaji Masala 100g,319,318,1,0,14,303
Tata Salt 1kg,297,289,2,2,22,291
Bingo Mad Angles 80g,43,44,2,1,25,42
Haldiram Namkeen 250g,363,367,2,1,16,356
Fortune Mustard Oil 1L,110,111,0,0,25,108
Everest Pav Bhaji Masala 100g,186,187,0,0,29,182
Britannia Rusk 300g,450,441,2,0,14,427
Lemon Pickle 500g,259,253,0,0,12,246
Dairy Milk Chocolate,93,90,1,0,15,88
Nivea Body Lotion 400ml,474,471,2,2,16,464
Soy Sauce 500ml,32,32,1,2,7,29
Lemon Pickle 500g,456,444,2,2,15,433
Good Day Butter Cookies,169,173,2,1,12,161
Britannia Cheese Slices 200g,106,108,2,1,6,95
Fortune Basmati Rice 5kg,96,98,2,2,19,94
Maybelline Mascara,196,201,0,1,12,186
Pond’s BB Cream 18g,51,52,1,1,22,50
Maybelline Mascara,219,220,2,1,23,215
5 Star Chocolate,44,45,0,0,27,43
Patanjali Herbal Kajal 3g,223,216,2,2,22,218
Kellogg’s Corn Flakes 1kg,289,283,0,2,14,274
Everest Pav Bhaji Masala 100g,233,232,0,0,6,210
Coca-Cola 1.25L,88,88,0,0,5,79
Weikfield Baking Powder 100g,215,216,1,0,11,204
Gits Gulab Jamun Mix 200g,71,73,1,2,25,70
Kellogg’s Muesli 500g,166,161,2,2,10,157
Himalaya Lip Balm 10g,358,366,2,0,7,323
MDH Chicken Masala 100g,354,361,0,1,6,319
Surf Excel Matic 1kg,231,237,2,0,10,220
Perk Chocolate,219,216,2,0,15,208
Cooking Soda 100g,25,25,2,1,21,24
Dairy Milk Chocolate,327,324,2,0,25,320
Dove Shampoo 650ml,67,65,2,2,24,66
Kissan Mixed Fruit Jam 500g,156,160,1,0,27,153
Revlon Foundation 30ml,156,153,1,2,18,153
MTR Instant Upma 200g,39,38,1,0,9,37
Catch Chat Masala 100g,336,343,1,1,26,330
Britannia Cheese Slices 200g,167,167,1,2,18,164
Nykaa Nail Polish,372,367,2,0,9,353
MTR Instant Upma 200g,83,83,1,2,21,81
Good Day Butter Cookies,389,395,1,2,22,382
Britannia Rusk 300g,191,193,2,0,17,187
Sugar 1kg,165,164,0,2,19,162
Quaker Oats 1kg,448,439,1,1,13,425
Everest Garam Masala 100g,191,187,1,2,18,187
Kellogg’s Muesli 500g,397,386,0,0,21,389
Tata Sampann Dal 1kg,295,302,1,1,15,281
Britannia Cheese Slices 200g,399,400,1,1,8,379
MDH Chicken Masala 100g,36,34,2,0,20,35
Cadbury Silk,481,467,0,1,28,471
Cadbury Silk,215,213,0,2,14,204
Kellogg’s Corn Flakes 1kg,269,266,1,1,17,263
Coconut Oil 1L,128,124,1,0,19,125
Garam Masala 100g,306,305,2,0,21,300
Rock Salt 1kg,310,302,0,2,30,303
Coca-Cola 1.25L,438,446,0,2,27,430
Complan Nutrition 1kg,182,184,2,2,5,164
Pond’s BB Cream 18g,100,98,1,2,28,98
Nivea Body Lotion 400ml,277,273,2,0,28,271
Revlon Foundation 30ml,369,380,2,2,21,362
Pantene Conditioner 300ml,414,404,2,0,10,393
Saffola Gold Oil 1L,370,368,2,2,12,351
Lemon Pickle 500g,102,101,0,2,10,97
Gram Flour 1kg,302,301,0,0,28,296
Complan Nutrition 1kg,98,100,1,0,21,96
Quaker Oats 1kg,440,426,0,1,17,431
KitKat Chocolate,53,53,1,1,26,52
Sugar 1kg,279,272,0,1,20,273
Harpic Toilet Cleaner 500ml,68,68,0,0,6,61
Haldiram Namkeen 250g,358,350,1,1,14,340
Everest Garam Masala 100g,224,227,2,2,24,220
Complan Nutrition 1kg,245,247,0,0,16,240
Toblerone Chocolate,497,482,1,1,12,471
Nivea Body Lotion 400ml,116,115,0,0,11,110
Maybelline Mascara,125,127,1,1,24,123
Kissan Mixed Fruit Jam 500g,172,175,0,1,9,164
Lizol Floor Cleaner 500ml,427,418,0,2,13,405
Pepsi 1.25L,234,241,0,2,22,230
Boost 500g,444,441,2,0,25,435
Nestle Coffee 200g,341,338,2,1,26,334
Haldiram Namkeen 250g,132,128,2,2,22,129
Sprite 1.25L,78,77,1,1,15,74
Everest Garam Masala 100g,439,447,0,2,6,395
Rock Salt 1kg,109,105,2,2,7,98
Tata Tea Gold 250g,475,487,2,1,24,466
Garam Masala 100g,285,282,2,2,18,279
Mango Pickle 500g,143,140,0,2,29,140
Tata Tea Gold 250g,497,498,1,1,20,487
Lifebuoy Handwash 250ml,175,173,1,0,11,166
Pond’s BB Cream 18g,143,147,0,2,7,129
Maybelline Mascara,24,24,0,0,19,24
Everest Pav Bhaji Masala 100g,110,108,0,0,26,108
Kellogg’s Corn Flakes 1kg,60,60,1,1,30,59
Kabuli Chana 1kg,451,453,1,2,14,429
Pond’s BB Cream 18g,34,34,1,0,29,33
Borges Olive Oil 500ml,37,38,1,0,29,36
Cashews 500g,210,216,0,2,16,206
Chana Dal 1kg,364,356,1,2,30,356
Kinder Joy,390,382,2,0,9,370
Bournvita 500g,246,241,1,1,8,233
Sundrop Lite Oil 1L,57,56,0,0,13,54
Kissan Mixed Fruit Jam 500g,167,166,2,0,26,164
Britannia Rusk 300g,132,134,2,2,22,129
Parle-G Biscuits,221,223,0,1,25,217
Nestle Coffee 200g,453,449,0,0,10,430
Walnuts 500g,308,304,1,0,17,302
MDH Chicken Masala 100g,228,233,1,1,22,224
Fortune Basmati Rice 5kg,312,309,1,1,10,296
Garam Masala 100g,258,261,1,0,30,253
Harpic Toilet Cleaner 500ml,169,167,1,2,21,166
Moong Dal 1kg,352,354,0,2,25,345
Walnuts 500g,476,488,1,2,17,467
Cashews 500g,240,238,0,2,16,235
Sensodyne Toothpaste 100g,407,396,1,2,27,398
Coconut Oil 1L,35,35,2,0,13,33
Fortune Basmati Rice 5kg,366,364,0,2,30,359
Everest Pav Bhaji Masala 100g,181,180,0,0,10,172
Perk Chocolate,187,191,0,1,13,178
Rock Salt 1kg,297,300,1,1,10,282
Mother Dairy Paneer 200g,153,157,2,2,9,146
Everest Garam Masala 100g,269,275,0,1,9,256
Haldiram Namkeen 250g,246,253,1,0,10,234
Himalaya Lip Balm 10g,304,312,2,1,5,274
MDH Chicken Masala 100g,282,274,0,2,10,268
Lakme Lipstick 3.5g,430,434,1,2,18,422
Sprite 1.25L,98,100,0,2,16,96
Cashews 500g,307,301,2,1,28,301
Aashirvaad Atta 5kg,486,480,2,1,21,476
Maybelline Mascara,439,442,2,1,14,417
Complan Nutrition 1kg,489,478,1,1,28,479
Arhar Dal 1kg,225,218,1,1,14,213
Kellogg’s Muesli 500g,170,164,1,1,5,153
Schezwan Chutney 250g,131,132,1,0,6,118
Sunfeast Dark Fantasy 75g,159,160,2,0,24,156
Cashews 500g,422,420,2,0,15,401
Complan Nutrition 1kg,55,55,2,2,30,54
Everest Pav Bhaji Masala 100g,168,169,2,2,7,151
Surf Excel Matic 1kg,96,95,2,0,20,94
Rock Salt 1kg,285,292,2,1,11,271
KitKat Chocolate,381,389,2,0,25,374
Walnuts 500g,491,499,0,1,23,482
Arhar Dal 1kg,436,441,1,1,15,414
Weikfield Custard Powder 100g,334,341,2,1,23,328
Gits Gulab Jamun Mix 200g,353,344,2,0,26,345
Sprite 1.25L,153,151,0,1,8,145
Dairy Milk Chocolate,208,211,1,2,24,204
Parle-G Biscuits,149,145,1,1,16,146
Sundrop Lite Oil 1L,498,488,0,2,24,488
Good Day Butter Cookies,458,466,1,1,26,449
KitKat Chocolate,476,482,2,2,26,467
Kinder Joy,97,99,2,0,30,95
Coca-Cola 1.25L,403,408,0,2,7,363
Lemon Pickle 500g,316,317,2,1,5,284
Groundnut Oil 1L,56,57,2,2,17,55
Boost 500g,329,329,2,2,26,322
Hide & Seek Fab Biscuits,33,32,1,0,6,30
Hide & Seek Fab Biscuits,185,187,2,0,30,181
Rock Salt 1kg,411,407,1,0,8,390
Whole Wheat Flour 5kg,91,93,2,0,10,87
Patanjali Herbal Kajal 3g,432,429,2,1,5,389
Coca-Cola 1.25L,83,84,2,2,17,81
Maggi Noodles (Pack of 2),462,473,1,0,8,439
Cadbury Silk,251,247,0,2,14,238
Cadbury Silk,299,294,2,1,9,284
MDH Chicken Masala 100g,292,283,2,0,9,277
Tomato Ketchup 1kg,319,320,2,2,18,313
Chana Dal 1kg,273,269,0,1,23,267
KitKat Chocolate,65,63,1,1,6,58
Tide Detergent Powder 2kg,360,351,2,2,23,352
Cadbury Silk,318,309,1,0,23,311
Pond’s BB Cream 18g,345,337,2,1,22,338
Walnuts 500g,45,46,0,1,27,44
MTR Instant Upma 200g,174,179,0,2,13,166
Good Day Butter Cookies,380,385,2,0,13,361
Tata Sampann Dal 1kg,383,376,1,0,29,375
Britannia Rusk 300g,400,390,0,1,21,392
Sensodyne Toothpaste 100g,49,48,0,2,11,47
Good Day Butter Cookies,232,227,1,0,29,227
KitKat Chocolate,81,79,1,2,12,77
Patanjali Aloe Vera Gel 150ml,34,33,2,1,9,32
Red Label Tea 250g,249,252,0,0,22,244
Nutella 350g,462,457,1,0,19,453
Kabuli Chana 1kg,424,428,1,1,16,416
Gits Gulab Jamun Mix 200g,272,279,2,2,14,259
Aashirvaad Atta 5kg,294,297,1,0,20,288
Lemon Pickle 500g,127,128,1,2,6,114
Bru Coffee 200g,249,250,2,1,15,237
Complan Nutrition 1kg,192,195,0,2,21,188
Fortune Basmati Rice 5kg,475,466,2,0,9,451
Coca-Cola 1.25L,282,282,0,2,24,276
Kissan Ketchup 500g,500,507,1,1,14,475
Good Day Butter Cookies,331,337,1,0,21,325
Toblerone Chocolate,196,197,0,2,21,192
Weikfield Custard Powder 100g,353,363,0,1,6,318
Pista 500g,104,107,2,2,13,99
Soy Sauce 500ml,179,184,2,2,14,170
Sugar 1kg,240,233,2,0,8,228
Sundrop Lite Oil 1L,88,85,0,1,9,83
Toblerone Chocolate,176,179,1,2,11,167
Patanjali Aloe Vera Gel 150ml,35,36,0,1,14,33
Kellogg’s Corn Flakes 1kg,245,237,0,1,26,240
Revlon Foundation 30ml,464,476,2,0,28,455
Red Label Tea 250g,495,485,0,1,6,445
Kabuli Chana 1kg,410,403,0,1,20,401
Nestle Coffee 200g,206,206,1,2,22,202
Catch Chat Masala 100g,84,84,1,1,26,82
Patanjali Aloe Vera Gel 150ml,446,459,2,2,9,424
Patanjali Aloe Vera Gel 150ml,386,376,1,1,21,378
Cooking Soda 100g,189,193,0,2,15,180
Coca-Cola 1.25L,192,194,1,1,24,188
Himalaya Face Wash 100ml,302,293,1,0,14,286
Toblerone Chocolate,231,234,0,0,24,227
Tata Salt 1kg,113,110,2,0,6,102
Hide & Seek Fab Biscuits,70,71,0,0,19,69
Kissan Ketchup 500g,270,278,0,2,9,257
Tata Salt 1kg,42,42,0,1,19,41
Saffola Gold Oil 1L,414,401,1,0,7,372
MTR Instant Upma 200g,315,324,0,0,21,309
Cadbury Silk,79,79,2,1,19,77
Borges Olive Oil 500ml,298,302,0,2,27,292
Harpic Toilet Cleaner 500ml,409,408,0,0,21,401
Patanjali Herbal Kajal 3g,437,446,0,1,5,394
Kissan Ketchup 500g,304,299,0,2,15,289
Britannia Cheese Slices 200g,231,227,2,1,6,208
Fortune Basmati Rice 5kg,127,130,2,2,5,114
Pond’s BB Cream 18g,220,218,2,1,23,216
Colgate Toothpaste 200g,159,163,2,2,7,143
Rajma 1kg,269,262,0,1,11,255
Dove Shampoo 650ml,184,188,1,0,17,181
Almonds 500g,252,246,1,0,22,247
MDH Chicken Masala 100g,269,261,2,0,11,255
Nestle Coffee 200g,345,353,2,0,27,338
Whole Wheat Flour 5kg,273,277,0,1,16,268
Everest Masala 100g,474,476,0,1,14,450
Pista 500g,29,28,2,0,30,28
MTR Rasam Powder 100g,88,87,2,0,30,86
Moong Dal 1kg,372,366,0,1,16,364
Kellogg’s Corn Flakes 1kg,423,414,2,0,30,414
Bru Coffee 200g,181,176,1,0,26,177
Weikfield Custard Powder 100g,66,67,0,1,10,63
Boost 500g,345,352,1,0,7,311
Gits Gulab Jamun Mix 200g,194,192,0,0,20,190
Gits Gulab Jamun Mix 200g,59,60,2,0,11,56
Complan Nutrition 1kg,175,177,1,1,20,172
Tata Sampann Dal 1kg,327,329,1,2,10,311
Whole Wheat Flour 5kg,345,339,1,1,23,338
Colgate Toothpaste 200g,490,499,1,0,29,481
Britannia Cheese Slices 200g,488,484,0,1,16,478
Nutella 350g,376,387,0,1,17,369
Pond’s BB Cream 18g,468,474,1,2,27,459
Whole Wheat Flour 5kg,46,47,2,0,29,45
Himalaya Lip Balm 10g,395,393,2,0,21,387
Cashews 500g,214,212,0,2,18,210
Tide Detergent Powder 2kg,441,453,0,1,21,433
Maggi Noodles (Pack of 2),133,131,0,1,26,130
Complan Nutrition 1kg,172,166,1,0,19,168
Horlicks Health Drink 500g,74,73,1,0,18,72
Schezwan Chutney 250g,246,253,2,1,10,234
Maggi Noodles (Pack of 2),172,176,2,0,29,169
Chana Dal 1kg,342,350,1,0,26,336
Tata Tea Gold 250g,335,341,2,0,27,329
Maybelline Mascara,258,255,2,0,17,253
Toblerone Chocolate,391,391,1,1,21,383
Kinder Joy,242,244,0,2,13,230
Fortune Mustard Oil 1L,48,49,2,2,23,47
Rajma 1kg,479,474,2,0,20,469
Bingo Mad Angles 80g,139,136,2,2,29,136
Sprite 1.25L,320,327,1,1,26,314
Lay’s Potato Chips 90g,470,471,2,0,22,461
Bournvita 500g,384,377,0,1,6,345
Haldiram Namkeen 250g,441,438,0,2,5,397
Almonds 500g,259,259,1,2,27,254
Tata Salt 1kg,23,22,1,1,5,21
Kellogg’s Corn Flakes 1kg,342,331,1,2,29,335
Horlicks Health Drink 500g,132,134,2,1,17,129
Tata Sampann Dal 1kg,225,223,0,1,8,214
5 Star Chocolate,273,264,0,2,8,259
Boost 500g,155,158,0,0,11,147
Bournvita 500g,148,143,1,2,7,133
Patanjali Cow Ghee 1L,70,71,0,1,14,67
Sprite 1.25L,104,102,1,1,20,102
Almonds 500g,112,115,0,0,29,110
Saffola Gold Oil 1L,420,413,2,0,11,399
Patanjali Aloe Vera Gel 150ml,151,153,1,2,26,148
Lizol Floor Cleaner 500ml,60,61,0,2,9,57
Pond’s BB Cream 18g,123,119,1,2,13,117
Mother Dairy Paneer 200g,55,54,0,0,28,54
Lemon Pickle 500g,53,52,2,1,19,52
Garam Masala 100g,267,270,2,1,20,262
Pista 500g,338,340,2,2,18,331
MTR Rasam Powder 100g,469,464,0,0,15,445
Tide Detergent Powder 2kg,25,24,2,1,26,24
Dabur Honey 500g,40,40,1,2,13,38
Pantene Conditioner 300ml,361,360,2,2,17,354
Bingo Mad Angles 80g,232,236,0,2,14,221
Kabuli Chana 1kg,95,92,2,2,29,93
Red Label Tea 250g,285,286,1,1,6,257
Parle-G Biscuits,245,242,0,2,15,233
Maybelline Mascara,198,198,0,1,21,194
Everest Garam Masala 100g,293,299,1,2,15,279
Fortune Mustard Oil 1L,343,336,2,0,6,308
Haldiram Namkeen 250g,373,380,2,1,27,366
Haldiram Namkeen 250g,339,328,1,0,13,322
Weikfield Custard Powder 100g,336,337,1,1,29,329
MTR Rasam Powder 100g,310,310,0,0,5,279
Dabur Honey 500g,250,247,2,1,11,237
Moong Dal 1kg,264,260,1,2,10,251
Cashews 500g,128,126,0,1,18,125
Rock Salt 1kg,298,292,1,1,17,292
Whole Wheat Flour 5kg,354,358,1,1,5,319
Whole Wheat Flour 5kg,64,62,2,1,29,63
Groundnut Oil 1L,469,480,0,2,10,446
Fortune Basmati Rice 5kg,183,182,0,2,5,165
Schezwan Chutney 250g,389,395,1,1,21,382
Tata Salt 1kg,448,436,1,0,30,438
Dettol Handwash 250ml,40,40,0,1,22,39
Mother Dairy Paneer 200g,191,187,2,0,25,187
Sprite 1.25L,392,385,2,2,6,352
Hide & Seek Fab Biscuits,286,289,1,2,14,272
Rajma 1kg,28,27,1,0,5,25
Patanjali Herbal Kajal 3g,30,30,2,0,20,29
Kellogg’s Muesli 500g,498,484,1,1,12,472
Dove Shampoo 650ml,239,243,0,0,18,234
Britannia Rusk 300g,396,407,1,1,12,377
Weikfield Baking Powder 100g,108,107,2,2,18,106
Maybelline Mascara,336,340,2,2,28,329
Everest Masala 100g,164,168,0,0,21,161
Everest Garam Masala 100g,280,275,1,0,6,252
Pond’s BB Cream 18g,432,419,1,1,11,410
Kissan Ketchup 500g,299,303,0,2,11,284
Cooking Soda 100g,287,288,2,0,22,281
Surf Excel Matic 1kg,345,352,1,0,27,338
Sundrop Lite Oil 1L,385,390,0,0,12,366
Catch Chat Masala 100g,287,279,2,1,9,272
Fortune Mustard Oil 1L,224,218,2,2,27,219
Coconut Oil 1L,438,431,2,1,18,429
Britannia Rusk 300g,30,30,0,1,16,29
Kellogg’s Muesli 500g,323,314,0,0,7,290
Tata Sampann Dal 1kg,197,192,0,1,8,187
Aashirvaad Atta 5kg,497,493,1,0,17,487
Pond’s BB Cream 18g,211,215,1,0,13,201
Dabur Honey 500g,46,44,1,2,20,45
Lizol Floor Cleaner 500ml,479,469,2,1,22,469
Tide Detergent Powder 2kg,77,78,1,1,26,76
Mango Pickle 500g,391,398,0,2,17,384
Everest Pav Bhaji Masala 100g,170,172,2,1,19,167
Everest Masala 100g,445,448,0,1,23,436
MTR Rasam Powder 100g,194,194,1,0,9,184
Maggi Noodles (Pack of 2),168,165,0,0,13,159
Cashews 500g,49,50,0,0,20,48
Arhar Dal 1kg,335,326,2,0,7,301
Tata Sampann Dal 1kg,192,192,1,2,9,182
Mango Pickle 500g,294,295,1,2,11,279
Soy Sauce 500ml,339,335,1,2,26,332
Good Day Butter Cookies,362,372,1,0,21,355
Pepsi 1.25L,192,193,1,1,8,182
Dabur Honey 500g,57,58,2,2,6,51
Moong Dal 1kg,443,445,2,0,9,421
5 Star Chocolate,237,229,1,0,18,232
Kellogg’s Muesli 500g,273,279,0,1,13,260
Good Day Butter Cookies,103,101,2,2,21,101
Dove Shampoo 650ml,79,76,0,0,13,75
Mango Pickle 500g,59,57,0,0,19,58
Saffola Gold Oil 1L,185,185,2,1,17,181
Colgate Toothpaste 200g,456,444,1,0,23,446
Weikfield Custard Powder 100g,213,215,0,2,13,202
Borges Olive Oil 500ml,58,59,0,1,13,55
Pond’s BB Cream 18g,476,462,0,0,16,466
KitKat Chocolate,403,393,0,0,16,394
Sugar 1kg,352,345,0,0,20,345
Gram Flour 1kg,30,30,1,1,10,28
Sunfeast Dark Fantasy 75g,392,385,2,2,18,384
Colgate Toothpaste 200g,225,230,2,0,29,221
Maybelline Mascara,137,137,1,1,25,134
MTR Instant Upma 200g,245,251,2,2,8,233
Tata Tea Gold 250g,173,169,2,1,5,156
Toblerone Chocolate,108,108,0,1,29,106
Patanjali Aloe Vera Gel 150ml,154,153,0,2,8,146
Pista 500g,360,361,0,1,27,353
Catch Chat Masala 100g,44,45,0,2,8,42
Patanjali Cow Ghee 1L,409,408,0,1,17,401
Nutella 350g,148,148,0,0,27,145
Gram Flour 1kg,144,143,2,0,26,141
Dairy Milk Chocolate,174,178,2,2,27,171
Moong Dal 1kg,444,432,2,0,25,435
Chana Dal 1kg,160,155,2,2,23,157
Revlon Foundation 30ml,81,78,0,2,12,77
Schezwan Chutney 250g,363,355,1,2,17,355
Walnuts 500g,496,502,2,1,16,486
Whole Wheat Flour 5kg,202,198,0,2,26,198
Sundrop Lite Oil 1L,43,44,2,2,13,41
Moong Dal 1kg,125,127,2,0,24,123
Borges Olive Oil 500ml,44,45,1,2,30,43
Coca-Cola 1.25L,360,355,1,2,9,342
Good Day Butter Cookies,298,302,2,0,19,292
Dairy Milk Chocolate,42,43,1,2,19,41
Bournvita 500g,152,156,0,2,19,149
Lay’s Potato Chips 90g,309,300,0,1,26,302
Dabur Honey 500g,430,420,0,0,10,408
Lifebuoy Handwash 250ml,37,35,0,1,16,36
Moong Dal 1kg,212,215,0,0,25,208
Quaker Oats 1kg,102,99,2,1,21,100
Himalaya Lip Balm 10g,373,381,1,2,14,355
Kinder Joy,427,426,2,2,26,418
Schezwan Chutney 250g,432,419,1,0,10,410
Patanjali Aloe Vera Gel 150ml,67,66,2,1,15,64
Colgate Toothpaste 200g,153,151,0,2,30,150
Moong Dal 1kg,180,184,2,0,21,177
Tide Detergent Powder 2kg,54,54,1,1,27,53
Revlon Foundation 30ml,439,426,2,0,6,395
Toblerone Chocolate,186,190,1,0,29,182
Everest Pav Bhaji Masala 100g,203,197,0,2,19,199
Cooking Soda 100g,279,285,2,1,25,274
Kinder Joy,149,153,0,1,13,142
Kabuli Chana 1kg,317,310,2,0,9,301
Nestle Coffee 200g,192,188,1,2,9,182
Everest Garam Masala 100g,313,304,2,1,5,281
Fortune Basmati Rice 5kg,45,46,1,0,6,41
Weikfield Baking Powder 100g,443,435,2,2,15,420
Toblerone Chocolate,234,230,0,1,22,229
Himalaya Face Wash 100ml,129,128,1,1,30,126
Arhar Dal 1kg,62,60,2,2,21,61
Nutella 350g,39,37,1,0,10,37
Patanjali Aloe Vera Gel 150ml,69,71,1,2,23,68
Patanjali Cow Ghee 1L,170,164,2,0,27,166
Himalaya Face Wash 100ml,54,53,2,0,5,49
Tomato Ketchup 1kg,158,157,1,1,5,142
Pond’s BB Cream 18g,408,404,0,2,26,400
MTR Rasam Powder 100g,261,258,0,2,9,248
Aashirvaad Atta 5kg,99,97,2,0,18,97
Kabuli Chana 1kg,441,446,1,2,18,432
Lemon Pickle 500g,196,197,2,2,19,192
Almonds 500g,397,407,1,0,16,390
Borges Olive Oil 500ml,497,496,0,2,20,487
Lizol Floor Cleaner 500ml,272,275,0,2,14,259
Sensodyne Toothpaste 100g,148,149,2,0,25,145
Kabuli Chana 1kg,144,140,2,2,25,141
Everest Masala 100g,421,428,1,0,16,413
Bru Coffee 200g,237,243,1,0,27,233
Dabur Honey 500g,105,107,2,1,19,103
Himalaya Face Wash 100ml,414,422,0,0,17,406
Saffola Gold Oil 1L,414,411,2,1,29,406
Vim Dishwash Liquid 500ml,287,282,1,2,5,258
Gram Flour 1kg,431,440,0,0,10,410
Nutella 350g,79,76,0,0,17,77
Hide & Seek Fab Biscuits,146,141,0,1,8,138
MDH Chicken Masala 100g,348,350,2,2,23,341
Lemon Pickle 500g,142,140,2,0,13,135
Raisins 500g,131,131,0,2,6,118
Garam Masala 100g,446,438,0,1,20,437
Kabuli Chana 1kg,353,358,2,1,19,346
Pantene Conditioner 300ml,75,75,0,1,17,74
Dabur Honey 500g,210,211,0,2,20,206
Surf Excel Matic 1kg,311,315,0,0,8,296
Pepsi 1.25L,249,242,2,2,13,236
Patanjali Cow Ghee 1L,68,66,1,2,8,65
Patanjali Aloe Vera Gel 150ml,292,292,0,2,22,286
MDH Chicken Masala 100g,275,268,2,0,25,269
Pepsi 1.25L,461,453,0,1,30,451
Sundrop Lite Oil 1L,161,158,2,0,10,153
Lizol Floor Cleaner 500ml,292,300,0,2,25,287
Bournvita 500g,264,258,0,2,30,258
Borges Olive Oil 500ml,405,416,0,0,14,385
Gits Gulab Jamun Mix 200g,426,432,2,1,23,418
Coconut Oil 1L,158,157,2,2,11,150
Hide & Seek Fab Biscuits,391,387,0,1,22,383
Moong Dal 1kg,444,447,2,0,21,435
Tata Salt 1kg,485,470,0,2,26,475
Himalaya Face Wash 100ml,418,423,1,0,6,376
Sprite 1.25L,454,466,0,0,20,446
Revlon Foundation 30ml,121,121,2,0,5,109
Rock Salt 1kg,90,88,1,2,6,81
5 Star Chocolate,418,427,2,0,20,410
Maybelline Mascara,40,40,1,2,11,38
Dairy Milk Chocolate,372,369,1,0,20,364
Kinder Joy,110,108,2,2,20,108
Gits Gulab Jamun Mix 200g,23,22,1,0,19,22
Revlon Foundation 30ml,283,290,2,0,6,255
Pista 500g,102,100,2,2,13,97
Chana Dal 1kg,29,29,2,1,12,28
Sprite 1.25L,45,43,2,0,5,40
Horlicks Health Drink 500g,227,221,1,2,12,215
MTR Rasam Powder 100g,119,117,1,1,23,117
Patanjali Cow Ghee 1L,302,292,1,0,23,295
Fortune Basmati Rice 5kg,205,204,2,0,23,201
Parle-G Biscuits,470,466,1,2,27,460
Sunfeast Dark Fantasy 75g,371,366,0,1,19,363
Walnuts 500g,441,452,0,1,15,419
Nivea Body Lotion 400ml,143,142,2,0,23,140
Lakme Lipstick 3.5g,150,148,0,2,5,135
Gits Gulab Jamun Mix 200g,301,310,0,1,22,295
MDH Chicken Masala 100g,187,185,2,2,26,183
Raisins 500g,199,200,0,1,20,195
Red Label Tea 250g,274,265,0,1,15,260
Bournvita 500g,436,427,2,2,17,427
Nestle Coffee 200g,230,225,1,2,7,207
Everest Masala 100g,452,452,2,1,12,429
Gits Gulab Jamun Mix 200g,222,223,2,2,21,218
Tomato Ketchup 1kg,492,493,0,0,24,482
5 Star Chocolate,104,102,0,0,6,94
MTR Rasam Powder 100g,208,209,2,1,23,204
Nykaa Nail Polish,382,374,0,2,5,343
Weikfield Custard Powder 100g,336,342,1,1,27,330
Complan Nutrition 1kg,312,316,1,2,21,306
Tata Salt 1kg,470,456,1,2,17,460
Saffola Gold Oil 1L,132,131,2,1,28,129
KitKat Chocolate,169,166,1,2,28,165
Lakme Lipstick 3.5g,265,265,0,0,30,260
Borges Olive Oil 500ml,51,50,0,1,6,46
Sugar 1kg,299,298,2,0,11,284
Kabuli Chana 1kg,42,40,0,0,25,41
Vim Dishwash Liquid 500ml,167,172,2,1,26,164
Tomato Ketchup 1kg,201,197,2,0,9,191
Lay’s Potato Chips 90g,390,399,1,0,15,371
Tata Tea Gold 250g,120,121,2,2,5,108
Sunfeast Dark Fantasy 75g,234,233,0,2,24,229
Himalaya Lip Balm 10g,307,301,1,2,13,291
Dairy Milk Chocolate,28,27,0,1,17,27
Tata Salt 1kg,314,304,1,2,8,298
Patanjali Aloe Vera Gel 150ml,366,373,2,1,13,348
Pond’s BB Cream 18g,452,454,0,0,19,443
Walnuts 500g,384,384,2,2,28,376
Dabur Honey 500g,237,240,2,1,19,232
Patanjali Aloe Vera Gel 150ml,353,345,2,2,29,346
Pond’s BB Cream 18g,218,217,2,2,10,207
Rock Salt 1kg,20,19,1,2,21,20
KitKat Chocolate,144,146,2,2,12,137
Tata Tea Gold 250g,163,160,0,0,18,160
Quaker Oats 1kg,109,108,2,2,20,107
Bournvita 500g,143,147,2,0,30,140
KitKat Chocolate,297,293,1,0,6,267
Gits Gulab Jamun Mix 200g,278,269,0,1,18,272
MDH Chicken Masala 100g,458,445,2,2,28,448
Lizol Floor Cleaner 500ml,71,68,0,0,28,69
Vim Dishwash Liquid 500ml,359,360,1,1,21,352
Everest Garam Masala 100g,111,110,1,0,20,109
Boost 500g,331,324,0,1,6,298
Sundrop Peanut Butter 500g,126,129,1,0,18,124
Lifebuoy Handwash 250ml,364,361,0,0,25,357
Tata Tea Gold 250g,40,41,1,1,21,39
Boost 500g,213,217,0,2,6,192
Revlon Foundation 30ml,128,128,2,2,13,122
Gits Gulab Jamun Mix 200g,158,157,0,2,27,155
Patanjali Cow Ghee 1L,401,411,1,0,10,381
Kellogg’s Corn Flakes 1kg,367,358,0,1,29,359
Cadbury Silk,196,194,1,2,30,192
Almonds 500g,208,206,2,1,11,198
Vim Dishwash Liquid 500ml,436,437,1,1,12,414
Groundnut Oil 1L,478,490,2,0,11,455
Gits Gulab Jamun Mix 200g,229,226,2,1,6,206
Quaker Oats 1kg,214,219,0,1,20,210
Lizol Floor Cleaner 500ml,105,101,1,1,11,100
Parle-G Biscuits,227,225,1,1,22,222
Gram Flour 1kg,317,311,2,1,15,301
Kabuli Chana 1kg,295,299,2,0,25,289
Kissan Ketchup 500g,400,409,2,0,28,392
Borges Olive Oil 500ml,102,104,0,0,30,100
Horlicks Health Drink 500g,101,97,2,1,29,99
Sprite 1.25L,340,342,2,0,24,333
MTR Instant Upma 200g,163,159,2,0,18,160
Britannia Cheese Slices 200g,347,347,1,1,19,340
Tata Salt 1kg,228,222,0,1,20,223
Walnuts 500g,499,499,1,2,19,489
Everest Masala 100g,89,88,0,0,6,80
Patanjali Aloe Vera Gel 150ml,453,459,1,0,28,444
Chana Dal 1kg,132,130,2,0,19,129
Complan Nutrition 1kg,290,283,1,2,24,284
Bru Coffee 200g,299,304,0,2,14,284
Arhar Dal 1kg,59,59,1,1,6,53
Himalaya Face Wash 100ml,158,161,0,2,10,150
Catch Chat Masala 100g,96,96,1,0,28,94
MTR Rasam Powder 100g,248,241,0,1,25,243
Soy Sauce 500ml,403,400,0,2,16,395
Gram Flour 1kg,339,331,0,1,23,332
Weikfield Baking Powder 100g,281,279,0,0,21,275
Bingo Mad Angles 80g,56,55,1,2,17,55
Maybelline Mascara,39,40,1,2,9,37
Sensodyne Toothpaste 100g,367,372,1,2,18,360
Arhar Dal 1kg,257,252,0,2,21,252
Sunfeast Dark Fantasy 75g,120,122,1,0,10,114
Mango Pickle 500g,105,101,1,0,9,100
Himalaya Lip Balm 10g,404,415,1,0,5,364
Kellogg’s Corn Flakes 1kg,251,249,2,2,7,226
MDH Chicken Masala 100g,234,232,2,0,22,229
Himalaya Lip Balm 10g,261,264,1,2,26,256
Whole Wheat Flour 5kg,160,159,2,0,22,157
Harpic Toilet Cleaner 500ml,74,71,0,1,9,70
Fortune Basmati Rice 5kg,470,467,2,1,18,460
Hide & Seek Fab Biscuits,451,452,2,1,10,428
Cashews 500g,368,377,0,0,15,350
Pantene Conditioner 300ml,51,51,0,1,19,50
Soy Sauce 500ml,395,384,2,1,26,387
Red Label Tea 250g,172,169,2,2,9,163
Cashews 500g,477,486,2,1,24,468
Perk Chocolate,391,383,1,1,5,352
Dabur Honey 500g,394,401,2,2,30,386
Kissan Mixed Fruit Jam 500g,292,291,2,1,9,277
Himalaya Lip Balm 10g,298,292,2,2,15,283
Rajma 1kg,359,351,2,1,22,351
Rock Salt 1kg,401,406,2,0,28,393
Horlicks Health Drink 500g,417,413,1,1,16,408
Horlicks Health Drink 500g,36,35,2,0,28,35
Patanjali Aloe Vera Gel 150ml,93,94,1,1,11,88
Kinder Joy,76,73,2,0,13,72
Schezwan Chutney 250g,437,435,0,1,29,428
Gram Flour 1kg,326,334,2,0,14,310
Bingo Mad Angles 80g,39,39,2,0,18,38
Lakme Lipstick 3.5g,57,55,2,1,18,56
Cadbury Silk,84,81,2,2,22,82
Kissan Mixed Fruit Jam 500g,337,334,2,0,27,330
Everest Garam Masala 100g,432,420,1,0,30,423
Everest Garam Masala 100g,63,61,1,1,14,60
Gits Gulab Jamun Mix 200g,215,213,1,0,27,211
Sundrop Peanut Butter 500g,335,331,0,0,17,328
Horlicks Health Drink 500g,123,119,1,0,24,120
Soy Sauce 500ml,405,393,2,1,28,396
Tide Detergent Powder 2kg,26,26,0,2,27,25
Sensodyne Toothpaste 100g,128,127,2,1,16,125
Borges Olive Oil 500ml,167,163,1,2,12,158
Groundnut Oil 1L,454,463,1,1,19,445
Hide & Seek Fab Biscuits,301,305,1,2,17,295
Patanjali Herbal Kajal 3g,135,139,1,1,19,132
Maggi Noodles (Pack of 2),479,471,1,1,23,469
Lemon Pickle 500g,393,381,1,2,28,385
Revlon Foundation 30ml,149,147,0,1,11,141
Lakme Lipstick 3.5g,425,430,1,2,27,417
Tide Detergent Powder 2kg,199,200,2,2,26,195
Rock Salt 1kg,350,348,0,0,8,332
Mango Pickle 500g,52,52,0,1,7,47
Everest Garam Masala 100g,238,243,2,1,22,233
Tata Salt 1kg,339,328,0,1,22,332
Sundrop Peanut Butter 500g,291,288,2,1,5,262
Maggi Noodles (Pack of 2),43,41,2,2,7,39
Mango Pickle 500g,77,75,1,2,8,73
Nykaa Nail Polish,160,163,0,0,10,152
Patanjali Aloe Vera Gel 150ml,443,431,0,2,9,420
Pond’s BB Cream 18g,387,378,0,1,18,379
Boost 500g,274,270,0,1,22,268
Britannia Cheese Slices 200g,311,302,1,2,6,279
Haldiram Namkeen 250g,75,76,1,2,15,71
KitKat Chocolate,433,431,0,1,25,424
Aashirvaad Atta 5kg,70,70,1,2,12,66
Rajma 1kg,52,51,0,0,30,51
MDH Chicken Masala 100g,132,134,2,1,30,129
Moong Dal 1kg,451,437,0,2,18,441
Lifebuoy Handwash 250ml,428,438,2,2,15,407
Himalaya Lip Balm 10g,20,19,2,2,20,20
Kellogg’s Muesli 500g,472,464,0,0,29,462
Everest Garam Masala 100g,246,240,1,2,17,241
Pond’s BB Cream 18g,166,162,0,1,21,162
Patanjali Aloe Vera Gel 150ml,80,78,1,0,21,78
Everest Pav Bhaji Masala 100g,257,249,0,2,20,251
Groundnut Oil 1L,278,277,1,0,9,264
Dabur Honey 500g,246,245,0,1,16,241
Nutella 350g,435,441,1,2,6,392
Hide & Seek Fab Biscuits,23,23,1,1,23,23
Lay’s Potato Chips 90g,142,138,1,1,23,139
Nutella 350g,298,297,2,1,16,292
Parle-G Biscuits,494,502,2,0,30,485
Rajma 1kg,493,481,1,2,19,483
Patanjali Cow Ghee 1L,282,278,0,0,22,276
Kissan Mixed Fruit Jam 500g,450,459,1,0,11,428
Kissan Ketchup 500g,299,299,2,1,20,293
Sensodyne Toothpaste 100g,117,117,2,1,12,111
Pista 500g,170,165,1,0,8,161
Pista 500g,366,360,1,0,16,358
Haldiram Namkeen 250g,213,217,2,2,6,192
Lizol Floor Cleaner 500ml,209,211,0,1,13,199
Kellogg’s Corn Flakes 1kg,60,60,2,0,13,57
Aashirvaad Atta 5kg,306,308,0,0,7,275
Maggi Noodles (Pack of 2),447,457,2,2,28,439
MDH Chicken Masala 100g,300,298,1,1,12,285
Toblerone Chocolate,454,459,0,0,7,409
Rock Salt 1kg,56,55,1,0,21,55
Weikfield Baking Powder 100g,301,309,1,0,19,295
Dettol Handwash 250ml,441,427,1,1,11,418
Tata Tea Gold 250g,218,215,2,1,28,213
Tata Tea Gold 250g,226,226,1,0,7,203
Patanjali Cow Ghee 1L,168,162,2,0,15,159
Raisins 500g,25,25,2,0,6,22
KitKat Chocolate,389,383,2,2,14,369
Raisins 500g,251,258,0,0,25,246
Saffola Gold Oil 1L,322,325,1,0,25,316
Moong Dal 1kg,88,89,1,0,7,79
Sundrop Lite Oil 1L,159,155,0,0,17,156
Sprite 1.25L,377,387,2,0,22,370
Tata Sampann Dal 1kg,137,133,0,0,19,134
Nivea Body Lotion 400ml,73,74,0,0,28,72
Dairy Milk Chocolate,92,91,0,0,16,90
Patanjali Herbal Kajal 3g,199,201,0,1,13,189
Haldiram Namkeen 250g,122,123,2,0,11,116
Sundrop Lite Oil 1L,76,74,1,0,15,72
Sundrop Lite Oil 1L,112,109,2,2,6,101
Dairy Milk Chocolate,34,34,0,0,7,31
Rock Salt 1kg,28,27,1,0,26,27
Moong Dal 1kg,456,468,2,0,15,434
Good Day Butter Cookies,172,170,0,1,17,168
Everest Masala 100g,428,432,2,2,26,420
Moong Dal 1kg,90,87,2,1,21,88
Amul Milk 1L,332,322,0,0,24,325
Tide Detergent Powder 2kg,318,308,0,1,25,311
Rock Salt 1kg,38,39,1,1,15,36
Tomato Ketchup 1kg,146,145,0,1,21,143
Good Day Butter Cookies,82,79,1,0,27,80
Mother Dairy Paneer 200g,158,156,1,0,8,150
Cashews 500g,318,316,0,1,10,302
Cashews 500g,269,275,0,0,22,264
Horlicks Health Drink 500g,312,304,1,1,17,305
Chana Dal 1kg,304,295,1,1,27,297
Lakme Lipstick 3.5g,54,55,2,1,20,53
Lizol Floor Cleaner 500ml,164,161,1,2,17,161
Pantene Conditioner 300ml,474,474,2,1,20,465
Amul Milk 1L,430,441,0,0,18,422
Nestle Coffee 200g,365,361,0,1,9,347
Moong Dal 1kg,101,101,0,2,24,99
Rock Salt 1kg,248,250,2,2,19,243
KitKat Chocolate,169,172,0,0,5,152
Patanjali Aloe Vera Gel 150ml,470,468,2,1,15,446
Lemon Pickle 500g,60,58,1,0,8,57
Everest Garam Masala 100g,420,410,2,0,20,411
Haldiram Namkeen 250g,208,209,1,2,5,187
Tide Detergent Powder 2kg,215,214,1,0,12,204
Tata Salt 1kg,266,263,0,2,26,261
Quaker Oats 1kg,283,274,0,2,30,277
Pepsi 1.25L,410,411,2,1,9,390
Tata Tea Gold 250g,23,22,2,0,13,22
Mango Pickle 500g,73,73,1,0,13,69
Quaker Oats 1kg,486,480,2,2,14,461
Hide & Seek Fab Biscuits,111,108,2,2,6,100
Sensodyne Toothpaste 100g,28,27,2,2,26,27
Whole Wheat Flour 5kg,299,302,0,0,8,284
Lay’s Potato Chips 90g,379,385,0,2,5,341
Lakme Lipstick 3.5g,230,235,1,0,26,226
Haldiram Namkeen 250g,366,362,2,0,6,329
Weikfield Baking Powder 100g,287,278,0,2,17,281
Revlon Foundation 30ml,399,396,0,0,14,379
